Run ID,3420,,,,,,,,,,,,,,,,,,,
Run Date/Time,1/18/2017 11:13,,,,,,,,,,,,,,,,,,,
Application Name,Labcyte Echo Dose-Response,,,,,,,,,,,,,,,,,,,
Application Version,1.5.6,,,,,,,,,,,,,,,,,,,
Protocol Name,2017-01-18 - Protocol - OICR library round 6_2 (44-50)- partial repeat on 384 - MLLT1A - SingleShot 50nl transfer - TC.edr,,,,,,,,,,,,,,,,,,,
User Name,ACCESS,,,,,,,,,,,,,,,,,,,
,,,,,,,,,,,,,,,,,,,,
[DETAILS],,,,,,,,,,,,,,,,,,,,
Source Plate Name,Source Plate Barcode,Source Plate Type,Source Well,Source Concentration,Source Concentration Units,Destination Plate Name,Destination Plate Barcode,Destination Plate Type,Destination Well,Destination Concentration,Destination Concentration Units,Sample ID,Sample Name,Transfer Volume,Actual Volume,Current Fluid Volume,Fluid Composition,Fluid Units,Fluid Type,Transfer Status
Source Plate[44],,384LDV_DMSO,B7,0.005,M,Destination Plate[1],,Proxiplate_384PS,A1,0.0001923,M,XST00015433a,Sample 98,200,200,9.546,78.366,Percent,DMSO,
Source Plate[44],,384LDV_DMSO,B7,0.005,M,Destination Plate[1],,Proxiplate_384PS,B1,0.0001923,M,XST00015433a,Sample 98,200,200,9.346,78.366,Percent,DMSO,
Source Plate[44],,384LDV_DMSO,H7,0.005,M,Destination Plate[1],,Proxiplate_384PS,B3,0.0001923,M,XST00015553a,Sample 104,200,200,9.851,84.616,Percent,DMSO,
Source Plate[44],,384LDV_DMSO,H7,0.005,M,Destination Plate[1],,Proxiplate_384PS,A3,0.0001923,M,XST00015553a,Sample 104,200,200,9.651,84.616,Percent,DMSO,
Source Plate[44],,384LDV_DMSO,F7,0.005,M,Destination Plate[1],,Proxiplate_384PS,E2,0.0001923,M,XST00015513a,Sample 102,200,200,9.65,82.505,Percent,DMSO,
Source Plate[44],,384LDV_DMSO,F7,0.005,M,Destination Plate[1],,Proxiplate_384PS,F2,0.0001923,M,XST00015513a,Sample 102,200,200,9.45,82.505,Percent,DMSO,
Source Plate[44],,384LDV_DMSO,L7,0.005,M,Destination Plate[1],,Proxiplate_384PS,F4,0.0001923,M,XST00015633a,Sample 108,200,200,9.916,84.801,Percent,DMSO,
Source Plate[44],,384LDV_DMSO,L7,0.005,M,Destination Plate[1],,Proxiplate_384PS,E4,0.0001923,M,XST00015633a,Sample 108,200,200,9.716,84.801,Percent,DMSO,
Source Plate[44],,384LDV_DMSO,O7,0.005,M,Destination Plate[1],,Proxiplate_384PS,E5,0.0001923,M,XST00015693a,Sample 111,200,200,9.808,83.872,Percent,DMSO,
Source Plate[44],,384LDV_DMSO,O7,0.005,M,Destination Plate[1],,Proxiplate_384PS,F5,0.0001923,M,XST00015693a,Sample 111,200,200,9.608,83.872,Percent,DMSO,
Source Plate[44],,384LDV_DMSO,O8,0.005,M,Destination Plate[1],,Proxiplate_384PS,G5,0.0001923,M,XST00015694a,Sample 127,200,200,9.89,83.9,Percent,DMSO,
Source Plate[44],,384LDV_DMSO,O8,0.005,M,Destination Plate[1],,Proxiplate_384PS,H5,0.0001923,M,XST00015694a,Sample 127,200,200,9.69,83.9,Percent,DMSO,
Source Plate[44],,384LDV_DMSO,L8,0.005,M,Destination Plate[1],,Proxiplate_384PS,H4,0.0001923,M,XST00015634a,Sample 124,200,200,9.872,84.729,Percent,DMSO,
Source Plate[44],,384LDV_DMSO,L8,0.005,M,Destination Plate[1],,Proxiplate_384PS,G4,0.0001923,M,XST00015634a,Sample 124,200,200,9.672,84.729,Percent,DMSO,
Source Plate[44],,384LDV_DMSO,F8,0.005,M,Destination Plate[1],,Proxiplate_384PS,G2,0.0001923,M,XST00015514a,Sample 118,200,200,9.884,84.387,Percent,DMSO,
Source Plate[44],,384LDV_DMSO,F8,0.005,M,Destination Plate[1],,Proxiplate_384PS,H2,0.0001923,M,XST00015514a,Sample 118,200,200,9.684,84.387,Percent,DMSO,
Source Plate[44],,384LDV_DMSO,H8,0.005,M,Destination Plate[1],,Proxiplate_384PS,D3,0.0001923,M,XST00015554a,Sample 120,200,200,9.923,84.82,Percent,DMSO,
Source Plate[44],,384LDV_DMSO,H8,0.005,M,Destination Plate[1],,Proxiplate_384PS,C3,0.0001923,M,XST00015554a,Sample 120,200,200,9.723,84.82,Percent,DMSO,
Source Plate[44],,384LDV_DMSO,B8,0.005,M,Destination Plate[1],,Proxiplate_384PS,C1,0.0001923,M,XST00015434a,Sample 114,200,200,9.988,77.843,Percent,DMSO,
Source Plate[44],,384LDV_DMSO,B8,0.005,M,Destination Plate[1],,Proxiplate_384PS,D1,0.0001923,M,XST00015434a,Sample 114,200,200,9.788,77.843,Percent,DMSO,
Source Plate[44],,384LDV_DMSO,E11,0.005,M,Destination Plate[1],,Proxiplate_384PS,B2,0.0001923,M,XST00015497a,Sample 165,200,200,9.911,84.597,Percent,DMSO,
Source Plate[44],,384LDV_DMSO,E11,0.005,M,Destination Plate[1],,Proxiplate_384PS,A2,0.0001923,M,XST00015497a,Sample 165,200,200,9.711,84.597,Percent,DMSO,
Source Plate[44],,384LDV_DMSO,K11,0.005,M,Destination Plate[1],,Proxiplate_384PS,A4,0.0001923,M,XST00015617a,Sample 171,200,200,9.922,84.938,Percent,DMSO,
Source Plate[44],,384LDV_DMSO,K11,0.005,M,Destination Plate[1],,Proxiplate_384PS,B4,0.0001923,M,XST00015617a,Sample 171,200,200,9.722,84.938,Percent,DMSO,
Source Plate[44],,384LDV_DMSO,N11,0.005,M,Destination Plate[1],,Proxiplate_384PS,B5,0.0001923,M,XST00015677a,Sample 174,200,200,9.961,84.286,Percent,DMSO,
Source Plate[44],,384LDV_DMSO,N11,0.005,M,Destination Plate[1],,Proxiplate_384PS,A5,0.0001923,M,XST00015677a,Sample 174,200,200,9.761,84.286,Percent,DMSO,
Source Plate[44],,384LDV_DMSO,N12,0.005,M,Destination Plate[1],,Proxiplate_384PS,C5,0.0001923,M,XST00015678a,Sample 190,200,200,9.965,84.549,Percent,DMSO,
Source Plate[44],,384LDV_DMSO,N12,0.005,M,Destination Plate[1],,Proxiplate_384PS,D5,0.0001923,M,XST00015678a,Sample 190,200,200,9.765,84.549,Percent,DMSO,
Source Plate[44],,384LDV_DMSO,K12,0.005,M,Destination Plate[1],,Proxiplate_384PS,D4,0.0001923,M,XST00015618a,Sample 187,200,200,9.902,85.159,Percent,DMSO,
Source Plate[44],,384LDV_DMSO,K12,0.005,M,Destination Plate[1],,Proxiplate_384PS,C4,0.0001923,M,XST00015618a,Sample 187,200,200,9.702,85.159,Percent,DMSO,
Source Plate[44],,384LDV_DMSO,E12,0.005,M,Destination Plate[1],,Proxiplate_384PS,C2,0.0001923,M,XST00015498a,Sample 181,200,200,9.831,84.434,Percent,DMSO,
Source Plate[44],,384LDV_DMSO,E12,0.005,M,Destination Plate[1],,Proxiplate_384PS,D2,0.0001923,M,XST00015498a,Sample 181,200,200,9.631,84.434,Percent,DMSO,
Source Plate[44],,384LDV_DMSO,G15,0.005,M,Destination Plate[1],,Proxiplate_384PS,I2,0.0001923,M,XST00015541a,Sample 231,200,200,9.613,84.337,Percent,DMSO,
Source Plate[44],,384LDV_DMSO,G15,0.005,M,Destination Plate[1],,Proxiplate_384PS,J2,0.0001923,M,XST00015541a,Sample 231,200,200,9.413,84.337,Percent,DMSO,
Source Plate[44],,384LDV_DMSO,D15,0.005,M,Destination Plate[1],,Proxiplate_384PS,M1,0.0001923,M,XST00015481a,Sample 228,200,200,9.692,81.639,Percent,DMSO,
Source Plate[44],,384LDV_DMSO,D15,0.005,M,Destination Plate[1],,Proxiplate_384PS,N1,0.0001923,M,XST00015481a,Sample 228,200,200,9.492,81.639,Percent,DMSO,
Source Plate[44],,384LDV_DMSO,J15,0.005,M,Destination Plate[1],,Proxiplate_384PS,N3,0.0001923,M,XST00015601a,Sample 234,200,200,9.825,84.248,Percent,DMSO,
Source Plate[44],,384LDV_DMSO,J15,0.005,M,Destination Plate[1],,Proxiplate_384PS,M3,0.0001923,M,XST00015601a,Sample 234,200,200,9.625,84.248,Percent,DMSO,
Source Plate[44],,384LDV_DMSO,J16,0.005,M,Destination Plate[1],,Proxiplate_384PS,O3,0.0001923,M,XST00015602a,Sample 250,200,200,9.768,85.101,Percent,DMSO,
Source Plate[44],,384LDV_DMSO,J16,0.005,M,Destination Plate[1],,Proxiplate_384PS,P3,0.0001923,M,XST00015602a,Sample 250,200,200,9.568,85.101,Percent,DMSO,
Source Plate[44],,384LDV_DMSO,D16,0.005,M,Destination Plate[1],,Proxiplate_384PS,P1,0.0001923,M,XST00015482a,Sample 244,200,200,9.61,84.002,Percent,DMSO,
Source Plate[44],,384LDV_DMSO,D16,0.005,M,Destination Plate[1],,Proxiplate_384PS,O1,0.0001923,M,XST00015482a,Sample 244,200,200,9.41,84.002,Percent,DMSO,
Source Plate[44],,384LDV_DMSO,G16,0.005,M,Destination Plate[1],,Proxiplate_384PS,L2,0.0001923,M,XST00015542a,Sample 247,200,200,9.551,84.46,Percent,DMSO,
Source Plate[44],,384LDV_DMSO,G16,0.005,M,Destination Plate[1],,Proxiplate_384PS,K2,0.0001923,M,XST00015542a,Sample 247,200,200,9.351,84.46,Percent,DMSO,
Source Plate[44],,384LDV_DMSO,M17,0.005,M,Destination Plate[1],,Proxiplate_384PS,J4,0.0001923,M,XST00015663a,Sample 269,200,200,9.599,84.226,Percent,DMSO,
Source Plate[44],,384LDV_DMSO,M17,0.005,M,Destination Plate[1],,Proxiplate_384PS,I4,0.0001923,M,XST00015663a,Sample 269,200,200,9.399,84.226,Percent,DMSO,
Source Plate[44],,384LDV_DMSO,M18,0.005,M,Destination Plate[1],,Proxiplate_384PS,K4,0.0001923,M,XST00015664a,Sample 285,200,200,9.378,83.79,Percent,DMSO,
Source Plate[44],,384LDV_DMSO,M18,0.005,M,Destination Plate[1],,Proxiplate_384PS,L4,0.0001923,M,XST00015664a,Sample 285,200,200,9.178,83.79,Percent,DMSO,
Source Plate[44],,384LDV_DMSO,P19,0.005,M,Destination Plate[1],,Proxiplate_384PS,J5,0.0001923,M,XST00015725a,Sample 304,200,200,9.628,81.184,Percent,DMSO,
Source Plate[44],,384LDV_DMSO,P19,0.005,M,Destination Plate[1],,Proxiplate_384PS,I5,0.0001923,M,XST00015725a,Sample 304,200,200,9.428,81.184,Percent,DMSO,
Source Plate[44],,384LDV_DMSO,I19,0.005,M,Destination Plate[1],,Proxiplate_384PS,F3,0.0001923,M,XST00015585a,Sample 297,200,200,9.623,83.509,Percent,DMSO,
Source Plate[44],,384LDV_DMSO,I19,0.005,M,Destination Plate[1],,Proxiplate_384PS,E3,0.0001923,M,XST00015585a,Sample 297,200,200,9.423,83.509,Percent,DMSO,
Source Plate[44],,384LDV_DMSO,C19,0.005,M,Destination Plate[1],,Proxiplate_384PS,E1,0.0001923,M,XST00015465a,Sample 291,200,200,9.563,81.521,Percent,DMSO,
Source Plate[44],,384LDV_DMSO,C19,0.005,M,Destination Plate[1],,Proxiplate_384PS,F1,0.0001923,M,XST00015465a,Sample 291,200,200,9.363,81.521,Percent,DMSO,
Source Plate[44],,384LDV_DMSO,C20,0.005,M,Destination Plate[1],,Proxiplate_384PS,G1,0.0001923,M,XST00015466a,Sample 307,200,200,9.248,83.125,Percent,DMSO,
Source Plate[44],,384LDV_DMSO,C20,0.005,M,Destination Plate[1],,Proxiplate_384PS,H1,0.0001923,M,XST00015466a,Sample 307,200,200,9.048,83.125,Percent,DMSO,
Source Plate[44],,384LDV_DMSO,I20,0.005,M,Destination Plate[1],,Proxiplate_384PS,H3,0.0001923,M,XST00015586a,Sample 313,200,200,9.615,84.165,Percent,DMSO,
Source Plate[44],,384LDV_DMSO,I20,0.005,M,Destination Plate[1],,Proxiplate_384PS,G3,0.0001923,M,XST00015586a,Sample 313,200,200,9.415,84.165,Percent,DMSO,
Source Plate[44],,384LDV_DMSO,P20,0.005,M,Destination Plate[1],,Proxiplate_384PS,K5,0.0001923,M,XST00015726a,Sample 320,200,200,9.486,71.931,Percent,DMSO,
Source Plate[44],,384LDV_DMSO,P20,0.005,M,Destination Plate[1],,Proxiplate_384PS,L5,0.0001923,M,XST00015726a,Sample 320,200,200,9.286,71.931,Percent,DMSO,
Source Plate[44],,384LDV_DMSO,P4,0.005,M,Destination Plate[1],,Proxiplate_384PS,O5,0.0001923,M,XST00015710a,Sample 64,200,200,8.949,80.001,Percent,DMSO,
Source Plate[44],,384LDV_DMSO,P4,0.005,M,Destination Plate[1],,Proxiplate_384PS,P5,0.0001923,M,XST00015710a,Sample 64,200,200,8.749,80.001,Percent,DMSO,
Source Plate[44],,384LDV_DMSO,M4,0.005,M,Destination Plate[1],,Proxiplate_384PS,P4,0.0001923,M,XST00015650a,Sample 61,200,200,9.721,83.586,Percent,DMSO,
Source Plate[44],,384LDV_DMSO,M4,0.005,M,Destination Plate[1],,Proxiplate_384PS,O4,0.0001923,M,XST00015650a,Sample 61,200,200,9.521,83.586,Percent,DMSO,
Source Plate[44],,384LDV_DMSO,G4,0.005,M,Destination Plate[1],,Proxiplate_384PS,O2,0.0001923,M,XST00015530a,Sample 55,200,200,9.572,84.607,Percent,DMSO,
Source Plate[44],,384LDV_DMSO,G4,0.005,M,Destination Plate[1],,Proxiplate_384PS,P2,0.0001923,M,XST00015530a,Sample 55,200,200,9.372,84.607,Percent,DMSO,
Source Plate[44],,384LDV_DMSO,I4,0.005,M,Destination Plate[1],,Proxiplate_384PS,L3,0.0001923,M,XST00015570a,Sample 57,200,200,9.857,84.131,Percent,DMSO,
Source Plate[44],,384LDV_DMSO,I4,0.005,M,Destination Plate[1],,Proxiplate_384PS,K3,0.0001923,M,XST00015570a,Sample 57,200,200,9.657,84.131,Percent,DMSO,
Source Plate[44],,384LDV_DMSO,C4,0.005,M,Destination Plate[1],,Proxiplate_384PS,K1,0.0001923,M,XST00015450a,Sample 51,200,200,9.598,83.719,Percent,DMSO,
Source Plate[44],,384LDV_DMSO,C4,0.005,M,Destination Plate[1],,Proxiplate_384PS,L1,0.0001923,M,XST00015450a,Sample 51,200,200,9.398,83.719,Percent,DMSO,
Source Plate[44],,384LDV_DMSO,C3,0.005,M,Destination Plate[1],,Proxiplate_384PS,J1,0.0001923,M,XST00015449a,Sample 35,200,200,9.359,82.028,Percent,DMSO,
Source Plate[44],,384LDV_DMSO,C3,0.005,M,Destination Plate[1],,Proxiplate_384PS,I1,0.0001923,M,XST00015449a,Sample 35,200,200,9.159,82.028,Percent,DMSO,
Source Plate[44],,384LDV_DMSO,I3,0.005,M,Destination Plate[1],,Proxiplate_384PS,I3,0.0001923,M,XST00015569a,Sample 41,200,200,9.83,82.737,Percent,DMSO,
Source Plate[44],,384LDV_DMSO,I3,0.005,M,Destination Plate[1],,Proxiplate_384PS,J3,0.0001923,M,XST00015569a,Sample 41,200,200,9.63,82.737,Percent,DMSO,
Source Plate[44],,384LDV_DMSO,G3,0.005,M,Destination Plate[1],,Proxiplate_384PS,M2,0.0001923,M,XST00015529a,Sample 39,200,200,9.597,82.529,Percent,DMSO,
Source Plate[44],,384LDV_DMSO,G3,0.005,M,Destination Plate[1],,Proxiplate_384PS,N2,0.0001923,M,XST00015529a,Sample 39,200,200,9.397,82.529,Percent,DMSO,
Source Plate[44],,384LDV_DMSO,M3,0.005,M,Destination Plate[1],,Proxiplate_384PS,N4,0.0001923,M,XST00015649a,Sample 45,200,200,9.749,81.919,Percent,DMSO,
Source Plate[44],,384LDV_DMSO,M3,0.005,M,Destination Plate[1],,Proxiplate_384PS,M4,0.0001923,M,XST00015649a,Sample 45,200,200,9.549,81.919,Percent,DMSO,
Source Plate[44],,384LDV_DMSO,P3,0.005,M,Destination Plate[1],,Proxiplate_384PS,M5,0.0001923,M,XST00015709a,Sample 48,200,200,8.622,74.67,Percent,DMSO,
Source Plate[44],,384LDV_DMSO,P3,0.005,M,Destination Plate[1],,Proxiplate_384PS,N5,0.0001923,M,XST00015709a,Sample 48,200,200,8.422,74.67,Percent,DMSO,
Source Plate[45],,384LDV_DMSO,A15,0.005,M,Destination Plate[1],,Proxiplate_384PS,A6,0.0001923,M,XST00015741a,Sample 609,200,200,8.742,75.189,Percent,DMSO,
Source Plate[45],,384LDV_DMSO,A15,0.005,M,Destination Plate[1],,Proxiplate_384PS,B6,0.0001923,M,XST00015741a,Sample 609,200,200,8.542,75.189,Percent,DMSO,
Source Plate[45],,384LDV_DMSO,D15,0.005,M,Destination Plate[1],,Proxiplate_384PS,B7,0.0001923,M,XST00015801a,Sample 612,200,200,9.741,83.131,Percent,DMSO,
Source Plate[45],,384LDV_DMSO,D15,0.005,M,Destination Plate[1],,Proxiplate_384PS,A7,0.0001923,M,XST00015801a,Sample 612,200,200,9.541,83.131,Percent,DMSO,
Source Plate[45],,384LDV_DMSO,H15,0.005,M,Destination Plate[1],,Proxiplate_384PS,E8,0.0001923,M,XST00015879a,Sample 616,200,200,9.877,83.762,Percent,DMSO,
Source Plate[45],,384LDV_DMSO,H15,0.005,M,Destination Plate[1],,Proxiplate_384PS,F8,0.0001923,M,XST00015879a,Sample 616,200,200,9.677,83.762,Percent,DMSO,
Source Plate[45],,384LDV_DMSO,K15,0.005,M,Destination Plate[1],,Proxiplate_384PS,F9,0.0001923,M,XST00015939a,Sample 619,200,200,9.905,84.49,Percent,DMSO,
Source Plate[45],,384LDV_DMSO,K15,0.005,M,Destination Plate[1],,Proxiplate_384PS,E9,0.0001923,M,XST00015939a,Sample 619,200,200,9.705,84.49,Percent,DMSO,
Source Plate[45],,384LDV_DMSO,O15,0.005,M,Destination Plate[1],,Proxiplate_384PS,I10,0.0001923,M,XST00016019a,Sample 623,200,200,9.504,83.362,Percent,DMSO,
Source Plate[45],,384LDV_DMSO,O15,0.005,M,Destination Plate[1],,Proxiplate_384PS,J10,0.0001923,M,XST00016019a,Sample 623,200,200,9.304,83.362,Percent,DMSO,
Source Plate[45],,384LDV_DMSO,O16,0.005,M,Destination Plate[1],,Proxiplate_384PS,K10,0.0001923,M,XST00016020a,Sample 639,200,200,9.901,83.684,Percent,DMSO,
Source Plate[45],,384LDV_DMSO,O16,0.005,M,Destination Plate[1],,Proxiplate_384PS,L10,0.0001923,M,XST00016020a,Sample 639,200,200,9.701,83.684,Percent,DMSO,
Source Plate[45],,384LDV_DMSO,K16,0.005,M,Destination Plate[1],,Proxiplate_384PS,H9,0.0001923,M,XST00015940a,Sample 635,200,200,9.915,84.345,Percent,DMSO,
Source Plate[45],,384LDV_DMSO,K16,0.005,M,Destination Plate[1],,Proxiplate_384PS,G9,0.0001923,M,XST00015940a,Sample 635,200,200,9.715,84.345,Percent,DMSO,
Source Plate[45],,384LDV_DMSO,H16,0.005,M,Destination Plate[1],,Proxiplate_384PS,G8,0.0001923,M,XST00015880a,Sample 632,200,200,9.996,84.491,Percent,DMSO,
Source Plate[45],,384LDV_DMSO,H16,0.005,M,Destination Plate[1],,Proxiplate_384PS,H8,0.0001923,M,XST00015880a,Sample 632,200,200,9.796,84.491,Percent,DMSO,
Source Plate[45],,384LDV_DMSO,D16,0.005,M,Destination Plate[1],,Proxiplate_384PS,D7,0.0001923,M,XST00015802a,Sample 628,200,200,9.731,83.371,Percent,DMSO,
Source Plate[45],,384LDV_DMSO,D16,0.005,M,Destination Plate[1],,Proxiplate_384PS,C7,0.0001923,M,XST00015802a,Sample 628,200,200,9.531,83.371,Percent,DMSO,
Source Plate[45],,384LDV_DMSO,A16,0.005,M,Destination Plate[1],,Proxiplate_384PS,C6,0.0001923,M,XST00015742a,Sample 625,200,200,8.864,72.697,Percent,DMSO,
Source Plate[45],,384LDV_DMSO,A16,0.005,M,Destination Plate[1],,Proxiplate_384PS,D6,0.0001923,M,XST00015742a,Sample 625,200,200,8.664,72.697,Percent,DMSO,
Source Plate[45],,384LDV_DMSO,G19,0.005,M,Destination Plate[1],,Proxiplate_384PS,M7,0.0001923,M,XST00015863a,Sample 679,200,200,9.725,83.827,Percent,DMSO,
Source Plate[45],,384LDV_DMSO,G19,0.005,M,Destination Plate[1],,Proxiplate_384PS,N7,0.0001923,M,XST00015863a,Sample 679,200,200,9.525,83.827,Percent,DMSO,
Source Plate[45],,384LDV_DMSO,J19,0.005,M,Destination Plate[1],,Proxiplate_384PS,N8,0.0001923,M,XST00015923a,Sample 682,200,200,9.86,84.452,Percent,DMSO,
Source Plate[45],,384LDV_DMSO,J19,0.005,M,Destination Plate[1],,Proxiplate_384PS,M8,0.0001923,M,XST00015923a,Sample 682,200,200,9.66,84.452,Percent,DMSO,
Source Plate[45],,384LDV_DMSO,N19,0.005,M,Destination Plate[1],,Proxiplate_384PS,B10,0.0001923,M,XST00016003a,Sample 686,200,200,9.78,83.707,Percent,DMSO,
Source Plate[45],,384LDV_DMSO,N19,0.005,M,Destination Plate[1],,Proxiplate_384PS,A10,0.0001923,M,XST00016003a,Sample 686,200,200,9.58,83.707,Percent,DMSO,
Source Plate[45],,384LDV_DMSO,N20,0.005,M,Destination Plate[1],,Proxiplate_384PS,C10,0.0001923,M,XST00016004a,Sample 702,200,200,9.609,82.748,Percent,DMSO,
Source Plate[45],,384LDV_DMSO,N20,0.005,M,Destination Plate[1],,Proxiplate_384PS,D10,0.0001923,M,XST00016004a,Sample 702,200,200,9.409,82.748,Percent,DMSO,
Source Plate[45],,384LDV_DMSO,J20,0.005,M,Destination Plate[1],,Proxiplate_384PS,O8,0.0001923,M,XST00015924a,Sample 698,200,200,9.705,83.655,Percent,DMSO,
Source Plate[45],,384LDV_DMSO,J20,0.005,M,Destination Plate[1],,Proxiplate_384PS,P8,0.0001923,M,XST00015924a,Sample 698,200,200,9.505,83.655,Percent,DMSO,
Source Plate[45],,384LDV_DMSO,G20,0.005,M,Destination Plate[1],,Proxiplate_384PS,P7,0.0001923,M,XST00015864a,Sample 695,200,200,9.649,83.274,Percent,DMSO,
Source Plate[45],,384LDV_DMSO,G20,0.005,M,Destination Plate[1],,Proxiplate_384PS,O7,0.0001923,M,XST00015864a,Sample 695,200,200,9.449,83.274,Percent,DMSO,
Source Plate[45],,384LDV_DMSO,C21,0.005,M,Destination Plate[1],,Proxiplate_384PS,J6,0.0001923,M,XST00015787a,Sample 707,200,200,9.612,81.94,Percent,DMSO,
Source Plate[45],,384LDV_DMSO,C21,0.005,M,Destination Plate[1],,Proxiplate_384PS,I6,0.0001923,M,XST00015787a,Sample 707,200,200,9.412,81.94,Percent,DMSO,
Source Plate[45],,384LDV_DMSO,C22,0.005,M,Destination Plate[1],,Proxiplate_384PS,K6,0.0001923,M,XST00015788a,Sample 723,200,200,9.64,82.081,Percent,DMSO,
Source Plate[45],,384LDV_DMSO,C22,0.005,M,Destination Plate[1],,Proxiplate_384PS,L6,0.0001923,M,XST00015788a,Sample 723,200,200,9.44,82.081,Percent,DMSO,
Source Plate[45],,384LDV_DMSO,B12,0.005,M,Destination Plate[1],,Proxiplate_384PS,H6,0.0001923,M,XST00015758a,Sample 562,200,200,9.756,70,Percent,DMSO,
Source Plate[45],,384LDV_DMSO,B12,0.005,M,Destination Plate[1],,Proxiplate_384PS,G6,0.0001923,M,XST00015758a,Sample 562,200,200,9.556,70,Percent,DMSO,
Source Plate[45],,384LDV_DMSO,E12,0.005,M,Destination Plate[1],,Proxiplate_384PS,G7,0.0001923,M,XST00015818a,Sample 565,200,200,9.862,83.213,Percent,DMSO,
Source Plate[45],,384LDV_DMSO,E12,0.005,M,Destination Plate[1],,Proxiplate_384PS,H7,0.0001923,M,XST00015818a,Sample 565,200,200,9.662,83.213,Percent,DMSO,
Source Plate[45],,384LDV_DMSO,I12,0.005,M,Destination Plate[1],,Proxiplate_384PS,K8,0.0001923,M,XST00015896a,Sample 569,200,200,9.937,83.828,Percent,DMSO,
Source Plate[45],,384LDV_DMSO,I12,0.005,M,Destination Plate[1],,Proxiplate_384PS,L8,0.0001923,M,XST00015896a,Sample 569,200,200,9.737,83.828,Percent,DMSO,
Source Plate[45],,384LDV_DMSO,L12,0.005,M,Destination Plate[1],,Proxiplate_384PS,L9,0.0001923,M,XST00015956a,Sample 572,200,200,9.711,85.265,Percent,DMSO,
Source Plate[45],,384LDV_DMSO,L12,0.005,M,Destination Plate[1],,Proxiplate_384PS,K9,0.0001923,M,XST00015956a,Sample 572,200,200,9.511,85.265,Percent,DMSO,
Source Plate[45],,384LDV_DMSO,L11,0.005,M,Destination Plate[1],,Proxiplate_384PS,J9,0.0001923,M,XST00015955a,Sample 556,200,200,9.915,84.909,Percent,DMSO,
Source Plate[45],,384LDV_DMSO,L11,0.005,M,Destination Plate[1],,Proxiplate_384PS,I9,0.0001923,M,XST00015955a,Sample 556,200,200,9.715,84.909,Percent,DMSO,
Source Plate[45],,384LDV_DMSO,I11,0.005,M,Destination Plate[1],,Proxiplate_384PS,I8,0.0001923,M,XST00015895a,Sample 553,200,200,9.967,83.846,Percent,DMSO,
Source Plate[45],,384LDV_DMSO,I11,0.005,M,Destination Plate[1],,Proxiplate_384PS,J8,0.0001923,M,XST00015895a,Sample 553,200,200,9.767,83.846,Percent,DMSO,
Source Plate[45],,384LDV_DMSO,E11,0.005,M,Destination Plate[1],,Proxiplate_384PS,F7,0.0001923,M,XST00015817a,Sample 549,200,200,9.828,82.873,Percent,DMSO,
Source Plate[45],,384LDV_DMSO,E11,0.005,M,Destination Plate[1],,Proxiplate_384PS,E7,0.0001923,M,XST00015817a,Sample 549,200,200,9.628,82.873,Percent,DMSO,
Source Plate[45],,384LDV_DMSO,B11,0.005,M,Destination Plate[1],,Proxiplate_384PS,E6,0.0001923,M,XST00015757a,Sample 546,200,200,9.833,78.111,Percent,DMSO,
Source Plate[45],,384LDV_DMSO,B11,0.005,M,Destination Plate[1],,Proxiplate_384PS,F6,0.0001923,M,XST00015757a,Sample 546,200,200,9.633,78.111,Percent,DMSO,
Source Plate[45],,384LDV_DMSO,P10,0.005,M,Destination Plate[1],,Proxiplate_384PS,M10,0.0001923,M,XST00016034a,Sample 544,200,200,9.567,79.51,Percent,DMSO,
Source Plate[45],,384LDV_DMSO,P10,0.005,M,Destination Plate[1],,Proxiplate_384PS,N10,0.0001923,M,XST00016034a,Sample 544,200,200,9.367,79.51,Percent,DMSO,
Source Plate[45],,384LDV_DMSO,P9,0.005,M,Destination Plate[1],,Proxiplate_384PS,O10,0.0001923,M,XST00016033a,Sample 528,200,200,9.446,80.398,Percent,DMSO,
Source Plate[45],,384LDV_DMSO,P9,0.005,M,Destination Plate[1],,Proxiplate_384PS,P10,0.0001923,M,XST00016033a,Sample 528,200,200,9.246,80.398,Percent,DMSO,
Source Plate[45],,384LDV_DMSO,M8,0.005,M,Destination Plate[1],,Proxiplate_384PS,P9,0.0001923,M,XST00015972a,Sample 509,200,200,9.701,83.942,Percent,DMSO,
Source Plate[45],,384LDV_DMSO,M8,0.005,M,Destination Plate[1],,Proxiplate_384PS,O9,0.0001923,M,XST00015972a,Sample 509,200,200,9.501,83.942,Percent,DMSO,
Source Plate[45],,384LDV_DMSO,F8,0.005,M,Destination Plate[1],,Proxiplate_384PS,L7,0.0001923,M,XST00015832a,Sample 502,200,200,9.82,83.51,Percent,DMSO,
Source Plate[45],,384LDV_DMSO,F8,0.005,M,Destination Plate[1],,Proxiplate_384PS,K7,0.0001923,M,XST00015832a,Sample 502,200,200,9.62,83.51,Percent,DMSO,
Source Plate[45],,384LDV_DMSO,C8,0.005,M,Destination Plate[1],,Proxiplate_384PS,O6,0.0001923,M,XST00015774a,Sample 499,200,200,9.729,82.953,Percent,DMSO,
Source Plate[45],,384LDV_DMSO,C8,0.005,M,Destination Plate[1],,Proxiplate_384PS,P6,0.0001923,M,XST00015774a,Sample 499,200,200,9.529,82.953,Percent,DMSO,
Source Plate[45],,384LDV_DMSO,C7,0.005,M,Destination Plate[1],,Proxiplate_384PS,N6,0.0001923,M,XST00015773a,Sample 483,200,200,9.369,82.53,Percent,DMSO,
Source Plate[45],,384LDV_DMSO,C7,0.005,M,Destination Plate[1],,Proxiplate_384PS,M6,0.0001923,M,XST00015773a,Sample 483,200,200,9.169,82.53,Percent,DMSO,
Source Plate[45],,384LDV_DMSO,F7,0.005,M,Destination Plate[1],,Proxiplate_384PS,J7,0.0001923,M,XST00015831a,Sample 486,200,200,9.9,84.327,Percent,DMSO,
Source Plate[45],,384LDV_DMSO,F7,0.005,M,Destination Plate[1],,Proxiplate_384PS,I7,0.0001923,M,XST00015831a,Sample 486,200,200,9.7,84.327,Percent,DMSO,
Source Plate[45],,384LDV_DMSO,M7,0.005,M,Destination Plate[1],,Proxiplate_384PS,M9,0.0001923,M,XST00015971a,Sample 493,200,200,9.817,83.769,Percent,DMSO,
Source Plate[45],,384LDV_DMSO,M7,0.005,M,Destination Plate[1],,Proxiplate_384PS,N9,0.0001923,M,XST00015971a,Sample 493,200,200,9.617,83.769,Percent,DMSO,
Source Plate[45],,384LDV_DMSO,J6,0.005,M,Destination Plate[1],,Proxiplate_384PS,D9,0.0001923,M,XST00015910a,Sample 474,200,200,9.931,84.797,Percent,DMSO,
Source Plate[45],,384LDV_DMSO,J6,0.005,M,Destination Plate[1],,Proxiplate_384PS,C9,0.0001923,M,XST00015910a,Sample 474,200,200,9.731,84.797,Percent,DMSO,
Source Plate[45],,384LDV_DMSO,J5,0.005,M,Destination Plate[1],,Proxiplate_384PS,B9,0.0001923,M,XST00015909a,Sample 458,200,200,9.843,84.666,Percent,DMSO,
Source Plate[45],,384LDV_DMSO,J5,0.005,M,Destination Plate[1],,Proxiplate_384PS,A9,0.0001923,M,XST00015909a,Sample 458,200,200,9.643,84.666,Percent,DMSO,
Source Plate[45],,384LDV_DMSO,G4,0.005,M,Destination Plate[1],,Proxiplate_384PS,C8,0.0001923,M,XST00015848a,Sample 439,200,200,9.411,70,Percent,DMSO,
Source Plate[45],,384LDV_DMSO,G4,0.005,M,Destination Plate[1],,Proxiplate_384PS,D8,0.0001923,M,XST00015848a,Sample 439,200,200,9.211,70,Percent,DMSO,
Source Plate[45],,384LDV_DMSO,N4,0.005,M,Destination Plate[1],,Proxiplate_384PS,G10,0.0001923,M,XST00015988a,Sample 446,200,200,9.706,83.557,Percent,DMSO,
Source Plate[45],,384LDV_DMSO,N4,0.005,M,Destination Plate[1],,Proxiplate_384PS,H10,0.0001923,M,XST00015988a,Sample 446,200,200,9.506,83.557,Percent,DMSO,
Source Plate[45],,384LDV_DMSO,N3,0.005,M,Destination Plate[1],,Proxiplate_384PS,F10,0.0001923,M,XST00015987a,Sample 430,200,200,9.636,82.471,Percent,DMSO,
Source Plate[45],,384LDV_DMSO,N3,0.005,M,Destination Plate[1],,Proxiplate_384PS,E10,0.0001923,M,XST00015987a,Sample 430,200,200,9.436,82.471,Percent,DMSO,
Source Plate[45],,384LDV_DMSO,G3,0.005,M,Destination Plate[1],,Proxiplate_384PS,B8,0.0001923,M,XST00015847a,Sample 423,200,200,9.602,82.081,Percent,DMSO,
Source Plate[45],,384LDV_DMSO,G3,0.005,M,Destination Plate[1],,Proxiplate_384PS,A8,0.0001923,M,XST00015847a,Sample 423,200,200,9.402,82.081,Percent,DMSO,
Source Plate[46],,384LDV_DMSO,A19,0.005,M,Destination Plate[1],,Proxiplate_384PS,A11,0.0001923,M,XST00016063a,Sample 1057,200,200,7.845,72.767,Percent,DMSO,
Source Plate[46],,384LDV_DMSO,A19,0.005,M,Destination Plate[1],,Proxiplate_384PS,B11,0.0001923,M,XST00016063a,Sample 1057,200,200,7.645,72.767,Percent,DMSO,
Source Plate[46],,384LDV_DMSO,G19,0.005,M,Destination Plate[1],,Proxiplate_384PS,I12,0.0001923,M,XST00016183a,Sample 1063,200,200,9.499,83.776,Percent,DMSO,
Source Plate[46],,384LDV_DMSO,G19,0.005,M,Destination Plate[1],,Proxiplate_384PS,J12,0.0001923,M,XST00016183a,Sample 1063,200,200,9.299,83.776,Percent,DMSO,
Source Plate[46],,384LDV_DMSO,M19,0.005,M,Destination Plate[1],,Proxiplate_384PS,J14,0.0001923,M,XST00016303a,Sample 1069,200,200,9.814,83.94,Percent,DMSO,
Source Plate[46],,384LDV_DMSO,M19,0.005,M,Destination Plate[1],,Proxiplate_384PS,I14,0.0001923,M,XST00016303a,Sample 1069,200,200,9.614,83.94,Percent,DMSO,
Source Plate[46],,384LDV_DMSO,K19,0.005,M,Destination Plate[1],,Proxiplate_384PS,M13,0.0001923,M,XST00016263a,Sample 1067,200,200,9.739,82.096,Percent,DMSO,
Source Plate[46],,384LDV_DMSO,K19,0.005,M,Destination Plate[1],,Proxiplate_384PS,N13,0.0001923,M,XST00016263a,Sample 1067,200,200,9.539,82.096,Percent,DMSO,
Source Plate[46],,384LDV_DMSO,K20,0.005,M,Destination Plate[1],,Proxiplate_384PS,O13,0.0001923,M,XST00016264a,Sample 1083,200,200,9.377,83.845,Percent,DMSO,
Source Plate[46],,384LDV_DMSO,K20,0.005,M,Destination Plate[1],,Proxiplate_384PS,P13,0.0001923,M,XST00016264a,Sample 1083,200,200,9.177,83.845,Percent,DMSO,
Source Plate[46],,384LDV_DMSO,M20,0.005,M,Destination Plate[1],,Proxiplate_384PS,L14,0.0001923,M,XST00016304a,Sample 1085,200,200,9.632,83.41,Percent,DMSO,
Source Plate[46],,384LDV_DMSO,M20,0.005,M,Destination Plate[1],,Proxiplate_384PS,K14,0.0001923,M,XST00016304a,Sample 1085,200,200,9.432,83.41,Percent,DMSO,
Source Plate[46],,384LDV_DMSO,G20,0.005,M,Destination Plate[1],,Proxiplate_384PS,K12,0.0001923,M,XST00016184a,Sample 1079,200,200,9.322,84.01,Percent,DMSO,
Source Plate[46],,384LDV_DMSO,G20,0.005,M,Destination Plate[1],,Proxiplate_384PS,L12,0.0001923,M,XST00016184a,Sample 1079,200,200,9.122,84.01,Percent,DMSO,
Source Plate[46],,384LDV_DMSO,A20,0.005,M,Destination Plate[1],,Proxiplate_384PS,D11,0.0001923,M,XST00016064a,Sample 1073,200,200,9.014,70.274,Percent,DMSO,
Source Plate[46],,384LDV_DMSO,A20,0.005,M,Destination Plate[1],,Proxiplate_384PS,C11,0.0001923,M,XST00016064a,Sample 1073,200,200,8.814,70.274,Percent,DMSO,
Source Plate[46],,384LDV_DMSO,H16,0.005,M,Destination Plate[1],,Proxiplate_384PS,C13,0.0001923,M,XST00016200a,Sample 1016,200,200,9.841,84.238,Percent,DMSO,
Source Plate[46],,384LDV_DMSO,H16,0.005,M,Destination Plate[1],,Proxiplate_384PS,D13,0.0001923,M,XST00016200a,Sample 1016,200,200,9.641,84.238,Percent,DMSO,
Source Plate[46],,384LDV_DMSO,N16,0.005,M,Destination Plate[1],,Proxiplate_384PS,D15,0.0001923,M,XST00016320a,Sample 1022,200,200,9.804,83.546,Percent,DMSO,
Source Plate[46],,384LDV_DMSO,N16,0.005,M,Destination Plate[1],,Proxiplate_384PS,C15,0.0001923,M,XST00016320a,Sample 1022,200,200,9.604,83.546,Percent,DMSO,
Source Plate[46],,384LDV_DMSO,B16,0.005,M,Destination Plate[1],,Proxiplate_384PS,K11,0.0001923,M,XST00016080a,Sample 1010,200,200,9.413,81.935,Percent,DMSO,
Source Plate[46],,384LDV_DMSO,B16,0.005,M,Destination Plate[1],,Proxiplate_384PS,L11,0.0001923,M,XST00016080a,Sample 1010,200,200,9.213,81.935,Percent,DMSO,
Source Plate[46],,384LDV_DMSO,B15,0.005,M,Destination Plate[1],,Proxiplate_384PS,J11,0.0001923,M,XST00016079a,Sample 994,200,200,9.247,80.319,Percent,DMSO,
Source Plate[46],,384LDV_DMSO,B15,0.005,M,Destination Plate[1],,Proxiplate_384PS,I11,0.0001923,M,XST00016079a,Sample 994,200,200,9.047,80.319,Percent,DMSO,
Source Plate[46],,384LDV_DMSO,H15,0.005,M,Destination Plate[1],,Proxiplate_384PS,B13,0.0001923,M,XST00016199a,Sample 1000,200,200,9.837,83.387,Percent,DMSO,
Source Plate[46],,384LDV_DMSO,H15,0.005,M,Destination Plate[1],,Proxiplate_384PS,A13,0.0001923,M,XST00016199a,Sample 1000,200,200,9.637,83.387,Percent,DMSO,
Source Plate[46],,384LDV_DMSO,N15,0.005,M,Destination Plate[1],,Proxiplate_384PS,A15,0.0001923,M,XST00016319a,Sample 1006,200,200,9.796,83.627,Percent,DMSO,
Source Plate[46],,384LDV_DMSO,N15,0.005,M,Destination Plate[1],,Proxiplate_384PS,B15,0.0001923,M,XST00016319a,Sample 1006,200,200,9.596,83.627,Percent,DMSO,
Source Plate[46],,384LDV_DMSO,O12,0.005,M,Destination Plate[1],,Proxiplate_384PS,G15,0.0001923,M,XST00016336a,Sample 959,200,200,10.066,83.372,Percent,DMSO,
Source Plate[46],,384LDV_DMSO,O12,0.005,M,Destination Plate[1],,Proxiplate_384PS,H15,0.0001923,M,XST00016336a,Sample 959,200,200,9.866,83.372,Percent,DMSO,
Source Plate[46],,384LDV_DMSO,L12,0.005,M,Destination Plate[1],,Proxiplate_384PS,H14,0.0001923,M,XST00016276a,Sample 956,200,200,9.898,84.497,Percent,DMSO,
Source Plate[46],,384LDV_DMSO,L12,0.005,M,Destination Plate[1],,Proxiplate_384PS,G14,0.0001923,M,XST00016276a,Sample 956,200,200,9.698,84.497,Percent,DMSO,
Source Plate[46],,384LDV_DMSO,I12,0.005,M,Destination Plate[1],,Proxiplate_384PS,G13,0.0001923,M,XST00016216a,Sample 953,200,200,9.837,83.39,Percent,DMSO,
Source Plate[46],,384LDV_DMSO,I12,0.005,M,Destination Plate[1],,Proxiplate_384PS,H13,0.0001923,M,XST00016216a,Sample 953,200,200,9.637,83.39,Percent,DMSO,
Source Plate[46],,384LDV_DMSO,C12,0.005,M,Destination Plate[1],,Proxiplate_384PS,O11,0.0001923,M,XST00016096a,Sample 947,200,200,9.463,82.288,Percent,DMSO,
Source Plate[46],,384LDV_DMSO,C12,0.005,M,Destination Plate[1],,Proxiplate_384PS,P11,0.0001923,M,XST00016096a,Sample 947,200,200,9.263,82.288,Percent,DMSO,
Source Plate[46],,384LDV_DMSO,C11,0.005,M,Destination Plate[1],,Proxiplate_384PS,N11,0.0001923,M,XST00016095a,Sample 931,200,200,8.593,82.349,Percent,DMSO,
Source Plate[46],,384LDV_DMSO,C11,0.005,M,Destination Plate[1],,Proxiplate_384PS,M11,0.0001923,M,XST00016095a,Sample 931,200,200,8.393,82.349,Percent,DMSO,
Source Plate[46],,384LDV_DMSO,I11,0.005,M,Destination Plate[1],,Proxiplate_384PS,F13,0.0001923,M,XST00016215a,Sample 937,200,200,10.128,84.169,Percent,DMSO,
Source Plate[46],,384LDV_DMSO,I11,0.005,M,Destination Plate[1],,Proxiplate_384PS,E13,0.0001923,M,XST00016215a,Sample 937,200,200,9.928,84.169,Percent,DMSO,
Source Plate[46],,384LDV_DMSO,L11,0.005,M,Destination Plate[1],,Proxiplate_384PS,E14,0.0001923,M,XST00016275a,Sample 940,200,200,9.824,84.32,Percent,DMSO,
Source Plate[46],,384LDV_DMSO,L11,0.005,M,Destination Plate[1],,Proxiplate_384PS,F14,0.0001923,M,XST00016275a,Sample 940,200,200,9.624,84.32,Percent,DMSO,
Source Plate[46],,384LDV_DMSO,O11,0.005,M,Destination Plate[1],,Proxiplate_384PS,F15,0.0001923,M,XST00016335a,Sample 943,200,200,10.035,83.854,Percent,DMSO,
Source Plate[46],,384LDV_DMSO,O11,0.005,M,Destination Plate[1],,Proxiplate_384PS,E15,0.0001923,M,XST00016335a,Sample 943,200,200,9.835,83.854,Percent,DMSO,
Source Plate[46],,384LDV_DMSO,P8,0.005,M,Destination Plate[1],,Proxiplate_384PS,K15,0.0001923,M,XST00016352a,Sample 896,200,200,9.237,82.73,Percent,DMSO,
Source Plate[46],,384LDV_DMSO,P8,0.005,M,Destination Plate[1],,Proxiplate_384PS,L15,0.0001923,M,XST00016352a,Sample 896,200,200,9.037,82.73,Percent,DMSO,
Source Plate[46],,384LDV_DMSO,J8,0.005,M,Destination Plate[1],,Proxiplate_384PS,L13,0.0001923,M,XST00016232a,Sample 890,200,200,9.78,84.884,Percent,DMSO,
Source Plate[46],,384LDV_DMSO,J8,0.005,M,Destination Plate[1],,Proxiplate_384PS,K13,0.0001923,M,XST00016232a,Sample 890,200,200,9.58,84.884,Percent,DMSO,
Source Plate[46],,384LDV_DMSO,D8,0.005,M,Destination Plate[1],,Proxiplate_384PS,D12,0.0001923,M,XST00016112a,Sample 884,200,200,9.866,83.465,Percent,DMSO,
Source Plate[46],,384LDV_DMSO,D8,0.005,M,Destination Plate[1],,Proxiplate_384PS,C12,0.0001923,M,XST00016112a,Sample 884,200,200,9.666,83.465,Percent,DMSO,
Source Plate[46],,384LDV_DMSO,D7,0.005,M,Destination Plate[1],,Proxiplate_384PS,B12,0.0001923,M,XST00016111a,Sample 868,200,200,9.696,83.154,Percent,DMSO,
Source Plate[46],,384LDV_DMSO,D7,0.005,M,Destination Plate[1],,Proxiplate_384PS,A12,0.0001923,M,XST00016111a,Sample 868,200,200,9.496,83.154,Percent,DMSO,
Source Plate[46],,384LDV_DMSO,J7,0.005,M,Destination Plate[1],,Proxiplate_384PS,I13,0.0001923,M,XST00016231a,Sample 874,200,200,9.811,84.774,Percent,DMSO,
Source Plate[46],,384LDV_DMSO,J7,0.005,M,Destination Plate[1],,Proxiplate_384PS,J13,0.0001923,M,XST00016231a,Sample 874,200,200,9.611,84.774,Percent,DMSO,
Source Plate[46],,384LDV_DMSO,P7,0.005,M,Destination Plate[1],,Proxiplate_384PS,J15,0.0001923,M,XST00016351a,Sample 880,200,200,9.106,80.56,Percent,DMSO,
Source Plate[46],,384LDV_DMSO,P7,0.005,M,Destination Plate[1],,Proxiplate_384PS,I15,0.0001923,M,XST00016351a,Sample 880,200,200,8.906,80.56,Percent,DMSO,
Source Plate[46],,384LDV_DMSO,M4,0.005,M,Destination Plate[1],,Proxiplate_384PS,O14,0.0001923,M,XST00016288a,Sample 829,200,200,9.556,82.765,Percent,DMSO,
Source Plate[46],,384LDV_DMSO,M4,0.005,M,Destination Plate[1],,Proxiplate_384PS,P14,0.0001923,M,XST00016288a,Sample 829,200,200,9.356,82.765,Percent,DMSO,
Source Plate[46],,384LDV_DMSO,G4,0.005,M,Destination Plate[1],,Proxiplate_384PS,P12,0.0001923,M,XST00016168a,Sample 823,200,200,9.654,78.377,Percent,DMSO,
Source Plate[46],,384LDV_DMSO,G4,0.005,M,Destination Plate[1],,Proxiplate_384PS,O12,0.0001923,M,XST00016168a,Sample 823,200,200,9.454,78.377,Percent,DMSO,
Source Plate[46],,384LDV_DMSO,E4,0.005,M,Destination Plate[1],,Proxiplate_384PS,H12,0.0001923,M,XST00016128a,Sample 821,200,200,9.599,83.015,Percent,DMSO,
Source Plate[46],,384LDV_DMSO,E4,0.005,M,Destination Plate[1],,Proxiplate_384PS,G12,0.0001923,M,XST00016128a,Sample 821,200,200,9.399,83.015,Percent,DMSO,
Source Plate[46],,384LDV_DMSO,A4,0.005,M,Destination Plate[1],,Proxiplate_384PS,G11,0.0001923,M,XST00016048a,Sample 817,200,200,8.143,71.514,Percent,DMSO,
Source Plate[46],,384LDV_DMSO,A4,0.005,M,Destination Plate[1],,Proxiplate_384PS,H11,0.0001923,M,XST00016048a,Sample 817,200,200,7.943,71.514,Percent,DMSO,
Source Plate[46],,384LDV_DMSO,K4,0.005,M,Destination Plate[1],,Proxiplate_384PS,D14,0.0001923,M,XST00016248a,Sample 827,200,200,9.8,84.429,Percent,DMSO,
Source Plate[46],,384LDV_DMSO,K4,0.005,M,Destination Plate[1],,Proxiplate_384PS,C14,0.0001923,M,XST00016248a,Sample 827,200,200,9.6,84.429,Percent,DMSO,
Source Plate[46],,384LDV_DMSO,K3,0.005,M,Destination Plate[1],,Proxiplate_384PS,B14,0.0001923,M,XST00016247a,Sample 811,200,200,9.106,82.966,Percent,DMSO,
Source Plate[46],,384LDV_DMSO,K3,0.005,M,Destination Plate[1],,Proxiplate_384PS,A14,0.0001923,M,XST00016247a,Sample 811,200,200,8.906,82.966,Percent,DMSO,
Source Plate[46],,384LDV_DMSO,E3,0.005,M,Destination Plate[1],,Proxiplate_384PS,E12,0.0001923,M,XST00016127a,Sample 805,200,200,9.142,82.306,Percent,DMSO,
Source Plate[46],,384LDV_DMSO,E3,0.005,M,Destination Plate[1],,Proxiplate_384PS,F12,0.0001923,M,XST00016127a,Sample 805,200,200,8.942,82.306,Percent,DMSO,
Source Plate[46],,384LDV_DMSO,A3,0.005,M,Destination Plate[1],,Proxiplate_384PS,F11,0.0001923,M,XST00016047a,Sample 801,200,200,7.021,71.903,Percent,DMSO,
Source Plate[46],,384LDV_DMSO,A3,0.005,M,Destination Plate[1],,Proxiplate_384PS,E11,0.0001923,M,XST00016047a,Sample 801,200,200,6.821,71.903,Percent,DMSO,
Source Plate[46],,384LDV_DMSO,G3,0.005,M,Destination Plate[1],,Proxiplate_384PS,M12,0.0001923,M,XST00016167a,Sample 807,200,200,9.102,82.525,Percent,DMSO,
Source Plate[46],,384LDV_DMSO,G3,0.005,M,Destination Plate[1],,Proxiplate_384PS,N12,0.0001923,M,XST00016167a,Sample 807,200,200,8.902,82.525,Percent,DMSO,
Source Plate[46],,384LDV_DMSO,M3,0.005,M,Destination Plate[1],,Proxiplate_384PS,N14,0.0001923,M,XST00016287a,Sample 813,200,200,9.465,81.399,Percent,DMSO,
Source Plate[46],,384LDV_DMSO,M3,0.005,M,Destination Plate[1],,Proxiplate_384PS,M14,0.0001923,M,XST00016287a,Sample 813,200,200,9.265,81.399,Percent,DMSO,
Source Plate[47],,384LDV_DMSO,A19,0.005,M,Destination Plate[1],,Proxiplate_384PS,M15,0.0001923,M,XST00016383a,Sample 1441,200,200,7.715,74.891,Percent,DMSO,
Source Plate[47],,384LDV_DMSO,A19,0.005,M,Destination Plate[1],,Proxiplate_384PS,N15,0.0001923,M,XST00016383a,Sample 1441,200,200,7.515,74.891,Percent,DMSO,
Source Plate[47],,384LDV_DMSO,D19,0.005,M,Destination Plate[1],,Proxiplate_384PS,N16,0.0001923,M,XST00016443a,Sample 1444,200,200,9.376,82.55,Percent,DMSO,
Source Plate[47],,384LDV_DMSO,D19,0.005,M,Destination Plate[1],,Proxiplate_384PS,M16,0.0001923,M,XST00016443a,Sample 1444,200,200,9.176,82.55,Percent,DMSO,
Source Plate[47],,384LDV_DMSO,K19,0.005,M,Destination Plate[1],,Proxiplate_384PS,B19,0.0001923,M,XST00016580a,Sample 1451,200,200,9.458,84.034,Percent,DMSO,
Source Plate[47],,384LDV_DMSO,K19,0.005,M,Destination Plate[1],,Proxiplate_384PS,A19,0.0001923,M,XST00016580a,Sample 1451,200,200,9.258,84.034,Percent,DMSO,
Source Plate[47],,384LDV_DMSO,K20,0.005,M,Destination Plate[1],,Proxiplate_384PS,C19,0.0001923,M,XST00016581a,Sample 1467,200,200,9.195,83.949,Percent,DMSO,
Source Plate[47],,384LDV_DMSO,K20,0.005,M,Destination Plate[1],,Proxiplate_384PS,D19,0.0001923,M,XST00016581a,Sample 1467,200,200,8.995,83.949,Percent,DMSO,
Source Plate[47],,384LDV_DMSO,D20,0.005,M,Destination Plate[1],,Proxiplate_384PS,O16,0.0001923,M,XST00016444a,Sample 1460,200,200,9.515,82.395,Percent,DMSO,
Source Plate[47],,384LDV_DMSO,D20,0.005,M,Destination Plate[1],,Proxiplate_384PS,P16,0.0001923,M,XST00016444a,Sample 1460,200,200,9.315,82.395,Percent,DMSO,
Source Plate[47],,384LDV_DMSO,A20,0.005,M,Destination Plate[1],,Proxiplate_384PS,P15,0.0001923,M,XST00016384a,Sample 1457,200,200,8.077,74.584,Percent,DMSO,
Source Plate[47],,384LDV_DMSO,A20,0.005,M,Destination Plate[1],,Proxiplate_384PS,O15,0.0001923,M,XST00016384a,Sample 1457,200,200,7.877,74.584,Percent,DMSO,
Source Plate[47],,384LDV_DMSO,N21,0.005,M,Destination Plate[1],,Proxiplate_384PS,B20,0.0001923,M,XST00016642a,Sample 1486,200,200,9.102,83.403,Percent,DMSO,
Source Plate[47],,384LDV_DMSO,N21,0.005,M,Destination Plate[1],,Proxiplate_384PS,A20,0.0001923,M,XST00016642a,Sample 1486,200,200,8.902,83.403,Percent,DMSO,
Source Plate[47],,384LDV_DMSO,N22,0.005,M,Destination Plate[1],,Proxiplate_384PS,C20,0.0001923,M,XST00016643a,Sample 1502,200,200,9.006,82.207,Percent,DMSO,
Source Plate[47],,384LDV_DMSO,N22,0.005,M,Destination Plate[1],,Proxiplate_384PS,D20,0.0001923,M,XST00016643a,Sample 1502,200,200,8.806,82.207,Percent,DMSO,
Source Plate[47],,384LDV_DMSO,H18,0.005,M,Destination Plate[1],,Proxiplate_384PS,D18,0.0001923,M,XST00016520a,Sample 1432,200,200,9.582,82.474,Percent,DMSO,
Source Plate[47],,384LDV_DMSO,H18,0.005,M,Destination Plate[1],,Proxiplate_384PS,C18,0.0001923,M,XST00016520a,Sample 1432,200,200,9.382,82.474,Percent,DMSO,
Source Plate[47],,384LDV_DMSO,H17,0.005,M,Destination Plate[1],,Proxiplate_384PS,B18,0.0001923,M,XST00016519a,Sample 1416,200,200,9.652,83.654,Percent,DMSO,
Source Plate[47],,384LDV_DMSO,H17,0.005,M,Destination Plate[1],,Proxiplate_384PS,A18,0.0001923,M,XST00016519a,Sample 1416,200,200,9.452,83.654,Percent,DMSO,
Source Plate[47],,384LDV_DMSO,E16,0.005,M,Destination Plate[1],,Proxiplate_384PS,G17,0.0001923,M,XST00016460a,Sample 1397,200,200,9.639,82.853,Percent,DMSO,
Source Plate[47],,384LDV_DMSO,E16,0.005,M,Destination Plate[1],,Proxiplate_384PS,H17,0.0001923,M,XST00016460a,Sample 1397,200,200,9.439,82.853,Percent,DMSO,
Source Plate[47],,384LDV_DMSO,L16,0.005,M,Destination Plate[1],,Proxiplate_384PS,K19,0.0001923,M,XST00016597a,Sample 1404,200,200,9.266,83.601,Percent,DMSO,
Source Plate[47],,384LDV_DMSO,L16,0.005,M,Destination Plate[1],,Proxiplate_384PS,L19,0.0001923,M,XST00016597a,Sample 1404,200,200,9.066,83.601,Percent,DMSO,
Source Plate[47],,384LDV_DMSO,O16,0.005,M,Destination Plate[1],,Proxiplate_384PS,L20,0.0001923,M,XST00016657a,Sample 1407,200,200,9.033,83.428,Percent,DMSO,
Source Plate[47],,384LDV_DMSO,O16,0.005,M,Destination Plate[1],,Proxiplate_384PS,K20,0.0001923,M,XST00016657a,Sample 1407,200,200,8.833,83.428,Percent,DMSO,
Source Plate[47],,384LDV_DMSO,O15,0.005,M,Destination Plate[1],,Proxiplate_384PS,J20,0.0001923,M,XST00016656a,Sample 1391,200,200,9.044,83.841,Percent,DMSO,
Source Plate[47],,384LDV_DMSO,O15,0.005,M,Destination Plate[1],,Proxiplate_384PS,I20,0.0001923,M,XST00016656a,Sample 1391,200,200,8.844,83.841,Percent,DMSO,
Source Plate[47],,384LDV_DMSO,L15,0.005,M,Destination Plate[1],,Proxiplate_384PS,I19,0.0001923,M,XST00016596a,Sample 1388,200,200,9.345,84.01,Percent,DMSO,
Source Plate[47],,384LDV_DMSO,L15,0.005,M,Destination Plate[1],,Proxiplate_384PS,J19,0.0001923,M,XST00016596a,Sample 1388,200,200,9.145,84.01,Percent,DMSO,
Source Plate[47],,384LDV_DMSO,E15,0.005,M,Destination Plate[1],,Proxiplate_384PS,F17,0.0001923,M,XST00016459a,Sample 1381,200,200,9.698,79.415,Percent,DMSO,
Source Plate[47],,384LDV_DMSO,E15,0.005,M,Destination Plate[1],,Proxiplate_384PS,E17,0.0001923,M,XST00016459a,Sample 1381,200,200,9.498,79.415,Percent,DMSO,
Source Plate[47],,384LDV_DMSO,B14,0.005,M,Destination Plate[1],,Proxiplate_384PS,G16,0.0001923,M,XST00016398a,Sample 1362,200,200,9.614,81.774,Percent,DMSO,
Source Plate[47],,384LDV_DMSO,B14,0.005,M,Destination Plate[1],,Proxiplate_384PS,H16,0.0001923,M,XST00016398a,Sample 1362,200,200,9.414,81.774,Percent,DMSO,
Source Plate[47],,384LDV_DMSO,B13,0.005,M,Destination Plate[1],,Proxiplate_384PS,F16,0.0001923,M,XST00016397a,Sample 1346,200,200,9.844,80.369,Percent,DMSO,
Source Plate[47],,384LDV_DMSO,B13,0.005,M,Destination Plate[1],,Proxiplate_384PS,E16,0.0001923,M,XST00016397a,Sample 1346,200,200,9.644,80.369,Percent,DMSO,
Source Plate[47],,384LDV_DMSO,F12,0.005,M,Destination Plate[1],,Proxiplate_384PS,K17,0.0001923,M,XST00016476a,Sample 1334,200,200,9.838,83.83,Percent,DMSO,
Source Plate[47],,384LDV_DMSO,F12,0.005,M,Destination Plate[1],,Proxiplate_384PS,L17,0.0001923,M,XST00016476a,Sample 1334,200,200,9.638,83.83,Percent,DMSO,
Source Plate[47],,384LDV_DMSO,I12,0.005,M,Destination Plate[1],,Proxiplate_384PS,L18,0.0001923,M,XST00016534a,Sample 1337,200,200,11.151,83.612,Percent,DMSO,
Source Plate[47],,384LDV_DMSO,I12,0.005,M,Destination Plate[1],,Proxiplate_384PS,K18,0.0001923,M,XST00016534a,Sample 1337,200,200,10.951,83.612,Percent,DMSO,
Source Plate[47],,384LDV_DMSO,M12,0.005,M,Destination Plate[1],,Proxiplate_384PS,O19,0.0001923,M,XST00016613a,Sample 1341,200,200,9.707,84.664,Percent,DMSO,
Source Plate[47],,384LDV_DMSO,M12,0.005,M,Destination Plate[1],,Proxiplate_384PS,P19,0.0001923,M,XST00016613a,Sample 1341,200,200,9.507,84.664,Percent,DMSO,
Source Plate[47],,384LDV_DMSO,P12,0.005,M,Destination Plate[1],,Proxiplate_384PS,P20,0.0001923,M,XST00016673a,Sample 1344,200,200,9.34,81.631,Percent,DMSO,
Source Plate[47],,384LDV_DMSO,P12,0.005,M,Destination Plate[1],,Proxiplate_384PS,O20,0.0001923,M,XST00016673a,Sample 1344,200,200,9.14,81.631,Percent,DMSO,
Source Plate[47],,384LDV_DMSO,P11,0.005,M,Destination Plate[1],,Proxiplate_384PS,N20,0.0001923,M,XST00016672a,Sample 1328,200,200,9.32,81.329,Percent,DMSO,
Source Plate[47],,384LDV_DMSO,P11,0.005,M,Destination Plate[1],,Proxiplate_384PS,M20,0.0001923,M,XST00016672a,Sample 1328,200,200,9.12,81.329,Percent,DMSO,
Source Plate[47],,384LDV_DMSO,M11,0.005,M,Destination Plate[1],,Proxiplate_384PS,M19,0.0001923,M,XST00016612a,Sample 1325,200,200,9.711,84.364,Percent,DMSO,
Source Plate[47],,384LDV_DMSO,M11,0.005,M,Destination Plate[1],,Proxiplate_384PS,N19,0.0001923,M,XST00016612a,Sample 1325,200,200,9.511,84.364,Percent,DMSO,
Source Plate[47],,384LDV_DMSO,I11,0.005,M,Destination Plate[1],,Proxiplate_384PS,J18,0.0001923,M,XST00016533a,Sample 1321,200,200,9.959,84.425,Percent,DMSO,
Source Plate[47],,384LDV_DMSO,I11,0.005,M,Destination Plate[1],,Proxiplate_384PS,I18,0.0001923,M,XST00016533a,Sample 1321,200,200,9.759,84.425,Percent,DMSO,
Source Plate[47],,384LDV_DMSO,F11,0.005,M,Destination Plate[1],,Proxiplate_384PS,I17,0.0001923,M,XST00016475a,Sample 1318,200,200,9.798,84.068,Percent,DMSO,
Source Plate[47],,384LDV_DMSO,F11,0.005,M,Destination Plate[1],,Proxiplate_384PS,J17,0.0001923,M,XST00016475a,Sample 1318,200,200,9.598,84.068,Percent,DMSO,
Source Plate[47],,384LDV_DMSO,C8,0.005,M,Destination Plate[1],,Proxiplate_384PS,K16,0.0001923,M,XST00016412a,Sample 1267,200,200,9.797,82.324,Percent,DMSO,
Source Plate[47],,384LDV_DMSO,C8,0.005,M,Destination Plate[1],,Proxiplate_384PS,L16,0.0001923,M,XST00016412a,Sample 1267,200,200,9.597,82.324,Percent,DMSO,
Source Plate[47],,384LDV_DMSO,G8,0.005,M,Destination Plate[1],,Proxiplate_384PS,O17,0.0001923,M,XST00016492a,Sample 1271,200,200,9.861,84.4,Percent,DMSO,
Source Plate[47],,384LDV_DMSO,G8,0.005,M,Destination Plate[1],,Proxiplate_384PS,P17,0.0001923,M,XST00016492a,Sample 1271,200,200,9.661,84.4,Percent,DMSO,
Source Plate[47],,384LDV_DMSO,J8,0.005,M,Destination Plate[1],,Proxiplate_384PS,P18,0.0001923,M,XST00016549a,Sample 1274,200,200,9.929,84.92,Percent,DMSO,
Source Plate[47],,384LDV_DMSO,J8,0.005,M,Destination Plate[1],,Proxiplate_384PS,O18,0.0001923,M,XST00016549a,Sample 1274,200,200,9.729,84.92,Percent,DMSO,
Source Plate[47],,384LDV_DMSO,N8,0.005,M,Destination Plate[1],,Proxiplate_384PS,H20,0.0001923,M,XST00016629a,Sample 1278,200,200,9.888,84.652,Percent,DMSO,
Source Plate[47],,384LDV_DMSO,N8,0.005,M,Destination Plate[1],,Proxiplate_384PS,G20,0.0001923,M,XST00016629a,Sample 1278,200,200,9.688,84.652,Percent,DMSO,
Source Plate[47],,384LDV_DMSO,N7,0.005,M,Destination Plate[1],,Proxiplate_384PS,F20,0.0001923,M,XST00016628a,Sample 1262,200,200,9.062,85.094,Percent,DMSO,
Source Plate[47],,384LDV_DMSO,N7,0.005,M,Destination Plate[1],,Proxiplate_384PS,E20,0.0001923,M,XST00016628a,Sample 1262,200,200,8.862,85.094,Percent,DMSO,
Source Plate[47],,384LDV_DMSO,J7,0.005,M,Destination Plate[1],,Proxiplate_384PS,M18,0.0001923,M,XST00016548a,Sample 1258,200,200,9.87,84.901,Percent,DMSO,
Source Plate[47],,384LDV_DMSO,J7,0.005,M,Destination Plate[1],,Proxiplate_384PS,N18,0.0001923,M,XST00016548a,Sample 1258,200,200,9.67,84.901,Percent,DMSO,
Source Plate[47],,384LDV_DMSO,G7,0.005,M,Destination Plate[1],,Proxiplate_384PS,N17,0.0001923,M,XST00016491a,Sample 1255,200,200,10.005,74.586,Percent,DMSO,
Source Plate[47],,384LDV_DMSO,G7,0.005,M,Destination Plate[1],,Proxiplate_384PS,M17,0.0001923,M,XST00016491a,Sample 1255,200,200,9.805,74.586,Percent,DMSO,
Source Plate[47],,384LDV_DMSO,C7,0.005,M,Destination Plate[1],,Proxiplate_384PS,J16,0.0001923,M,XST00016411a,Sample 1251,200,200,9.744,82.306,Percent,DMSO,
Source Plate[47],,384LDV_DMSO,C7,0.005,M,Destination Plate[1],,Proxiplate_384PS,I16,0.0001923,M,XST00016411a,Sample 1251,200,200,9.544,82.306,Percent,DMSO,
Source Plate[47],,384LDV_DMSO,A4,0.005,M,Destination Plate[1],,Proxiplate_384PS,D16,0.0001923,M,XST00016368a,Sample 1201,200,200,8.292,72.377,Percent,DMSO,
Source Plate[47],,384LDV_DMSO,A4,0.005,M,Destination Plate[1],,Proxiplate_384PS,C16,0.0001923,M,XST00016368a,Sample 1201,200,200,8.092,72.377,Percent,DMSO,
Source Plate[47],,384LDV_DMSO,D4,0.005,M,Destination Plate[1],,Proxiplate_384PS,C17,0.0001923,M,XST00016428a,Sample 1204,200,200,9.541,82.759,Percent,DMSO,
Source Plate[47],,384LDV_DMSO,D4,0.005,M,Destination Plate[1],,Proxiplate_384PS,D17,0.0001923,M,XST00016428a,Sample 1204,200,200,9.341,82.759,Percent,DMSO,
Source Plate[47],,384LDV_DMSO,H4,0.005,M,Destination Plate[1],,Proxiplate_384PS,G18,0.0001923,M,XST00016508a,Sample 1208,200,200,9.689,83.066,Percent,DMSO,
Source Plate[47],,384LDV_DMSO,H4,0.005,M,Destination Plate[1],,Proxiplate_384PS,H18,0.0001923,M,XST00016508a,Sample 1208,200,200,9.489,83.066,Percent,DMSO,
Source Plate[47],,384LDV_DMSO,K4,0.005,M,Destination Plate[1],,Proxiplate_384PS,H19,0.0001923,M,XST00016565a,Sample 1211,200,200,9.704,83.721,Percent,DMSO,
Source Plate[47],,384LDV_DMSO,K4,0.005,M,Destination Plate[1],,Proxiplate_384PS,G19,0.0001923,M,XST00016565a,Sample 1211,200,200,9.504,83.721,Percent,DMSO,
Source Plate[47],,384LDV_DMSO,K3,0.005,M,Destination Plate[1],,Proxiplate_384PS,F19,0.0001923,M,XST00016564a,Sample 1195,200,200,9.64,82.747,Percent,DMSO,
Source Plate[47],,384LDV_DMSO,K3,0.005,M,Destination Plate[1],,Proxiplate_384PS,E19,0.0001923,M,XST00016564a,Sample 1195,200,200,9.44,82.747,Percent,DMSO,
Source Plate[47],,384LDV_DMSO,H3,0.005,M,Destination Plate[1],,Proxiplate_384PS,E18,0.0001923,M,XST00016507a,Sample 1192,200,200,9.574,83.19,Percent,DMSO,
Source Plate[47],,384LDV_DMSO,H3,0.005,M,Destination Plate[1],,Proxiplate_384PS,F18,0.0001923,M,XST00016507a,Sample 1192,200,200,9.374,83.19,Percent,DMSO,
Source Plate[47],,384LDV_DMSO,D3,0.005,M,Destination Plate[1],,Proxiplate_384PS,B17,0.0001923,M,XST00016427a,Sample 1188,200,200,9.734,82.541,Percent,DMSO,
Source Plate[47],,384LDV_DMSO,D3,0.005,M,Destination Plate[1],,Proxiplate_384PS,A17,0.0001923,M,XST00016427a,Sample 1188,200,200,9.534,82.541,Percent,DMSO,
Source Plate[47],,384LDV_DMSO,A3,0.005,M,Destination Plate[1],,Proxiplate_384PS,A16,0.0001923,M,XST00016367a,Sample 1185,200,200,7.778,70.702,Percent,DMSO,
Source Plate[47],,384LDV_DMSO,A3,0.005,M,Destination Plate[1],,Proxiplate_384PS,B16,0.0001923,M,XST00016367a,Sample 1185,200,200,7.578,70.702,Percent,DMSO,
Source Plate[48],,384LDV_DMSO,A7,0.005,M,Destination Plate[1],,Proxiplate_384PS,A21,0.0001923,M,XST00016687a,Sample 1633,200,200,8.361,75.531,Percent,DMSO,
Source Plate[48],,384LDV_DMSO,A7,0.005,M,Destination Plate[1],,Proxiplate_384PS,B21,0.0001923,M,XST00016687a,Sample 1633,200,200,8.161,75.531,Percent,DMSO,
Source Plate[48],,384LDV_DMSO,A8,0.005,M,Destination Plate[1],,Proxiplate_384PS,C21,0.0001923,M,XST00016688a,Sample 1649,200,200,8.377,76.217,Percent,DMSO,
Source Plate[48],,384LDV_DMSO,A8,0.005,M,Destination Plate[1],,Proxiplate_384PS,D21,0.0001923,M,XST00016688a,Sample 1649,200,200,8.177,76.217,Percent,DMSO,
Source Plate[48],,384LDV_DMSO,E6,0.005,M,Destination Plate[1],,Proxiplate_384PS,K22,0.0001923,M,XST00016766a,Sample 1621,200,200,9.093,84.265,Percent,DMSO,
Source Plate[48],,384LDV_DMSO,E6,0.005,M,Destination Plate[1],,Proxiplate_384PS,L22,0.0001923,M,XST00016766a,Sample 1621,200,200,8.893,84.265,Percent,DMSO,
Source Plate[48],,384LDV_DMSO,E5,0.005,M,Destination Plate[1],,Proxiplate_384PS,J22,0.0001923,M,XST00016765a,Sample 1605,200,200,9.498,83.814,Percent,DMSO,
Source Plate[48],,384LDV_DMSO,E5,0.005,M,Destination Plate[1],,Proxiplate_384PS,I22,0.0001923,M,XST00016765a,Sample 1605,200,200,9.298,83.814,Percent,DMSO,
Source Plate[48],,384LDV_DMSO,B4,0.005,M,Destination Plate[1],,Proxiplate_384PS,K21,0.0001923,M,XST00016704a,Sample 1586,200,200,9.451,82.658,Percent,DMSO,
Source Plate[48],,384LDV_DMSO,B4,0.005,M,Destination Plate[1],,Proxiplate_384PS,L21,0.0001923,M,XST00016704a,Sample 1586,200,200,9.251,82.658,Percent,DMSO,
Source Plate[48],,384LDV_DMSO,B3,0.005,M,Destination Plate[1],,Proxiplate_384PS,J21,0.0001923,M,XST00016703a,Sample 1570,200,200,9.33,81.841,Percent,DMSO,
Source Plate[48],,384LDV_DMSO,B3,0.005,M,Destination Plate[1],,Proxiplate_384PS,I21,0.0001923,M,XST00016703a,Sample 1570,200,200,9.13,81.841,Percent,DMSO,
Source Plate[48],,384LDV_DMSO,D11,0.005,M,Destination Plate[1],,Proxiplate_384PS,B22,0.0001923,M,XST00016751a,Sample 1700,200,200,9.796,84.213,Percent,DMSO,
Source Plate[48],,384LDV_DMSO,D11,0.005,M,Destination Plate[1],,Proxiplate_384PS,A22,0.0001923,M,XST00016751a,Sample 1700,200,200,9.596,84.213,Percent,DMSO,
Source Plate[48],,384LDV_DMSO,D12,0.005,M,Destination Plate[1],,Proxiplate_384PS,C22,0.0001923,M,XST00016752a,Sample 1716,200,200,9.759,84.138,Percent,DMSO,
Source Plate[48],,384LDV_DMSO,D12,0.005,M,Destination Plate[1],,Proxiplate_384PS,D22,0.0001923,M,XST00016752a,Sample 1716,200,200,9.559,84.138,Percent,DMSO,
Source Plate[48],,384LDV_DMSO,F15,0.005,M,Destination Plate[1],,Proxiplate_384PS,M22,0.0001923,M,XST00016795a,Sample 1766,200,200,9.607,83.563,Percent,DMSO,
Source Plate[48],,384LDV_DMSO,F15,0.005,M,Destination Plate[1],,Proxiplate_384PS,N22,0.0001923,M,XST00016795a,Sample 1766,200,200,9.407,83.563,Percent,DMSO,
Source Plate[48],,384LDV_DMSO,C15,0.005,M,Destination Plate[1],,Proxiplate_384PS,N21,0.0001923,M,XST00016735a,Sample 1763,200,200,9.472,82.831,Percent,DMSO,
Source Plate[48],,384LDV_DMSO,C15,0.005,M,Destination Plate[1],,Proxiplate_384PS,M21,0.0001923,M,XST00016735a,Sample 1763,200,200,9.272,82.831,Percent,DMSO,
Source Plate[48],,384LDV_DMSO,C16,0.005,M,Destination Plate[1],,Proxiplate_384PS,O21,0.0001923,M,XST00016736a,Sample 1779,200,200,9.729,82.94,Percent,DMSO,
Source Plate[48],,384LDV_DMSO,C16,0.005,M,Destination Plate[1],,Proxiplate_384PS,P21,0.0001923,M,XST00016736a,Sample 1779,200,200,9.529,82.94,Percent,DMSO,
Source Plate[48],,384LDV_DMSO,F16,0.005,M,Destination Plate[1],,Proxiplate_384PS,P22,0.0001923,M,XST00016796a,Sample 1782,200,200,9.584,83.577,Percent,DMSO,
Source Plate[48],,384LDV_DMSO,F16,0.005,M,Destination Plate[1],,Proxiplate_384PS,O22,0.0001923,M,XST00016796a,Sample 1782,200,200,9.384,83.577,Percent,DMSO,
Source Plate[48],,384LDV_DMSO,E19,0.005,M,Destination Plate[1],,Proxiplate_384PS,F22,0.0001923,M,XST00016779a,Sample 1829,200,200,9.529,83.152,Percent,DMSO,
Source Plate[48],,384LDV_DMSO,E19,0.005,M,Destination Plate[1],,Proxiplate_384PS,E22,0.0001923,M,XST00016779a,Sample 1829,200,200,9.329,83.152,Percent,DMSO,
Source Plate[48],,384LDV_DMSO,B19,0.005,M,Destination Plate[1],,Proxiplate_384PS,E21,0.0001923,M,XST00016719a,Sample 1826,200,200,9.329,81.987,Percent,DMSO,
Source Plate[48],,384LDV_DMSO,B19,0.005,M,Destination Plate[1],,Proxiplate_384PS,F21,0.0001923,M,XST00016719a,Sample 1826,200,200,9.129,81.987,Percent,DMSO,
Source Plate[48],,384LDV_DMSO,B20,0.005,M,Destination Plate[1],,Proxiplate_384PS,G21,0.0001923,M,XST00016720a,Sample 1842,200,200,9.485,81.702,Percent,DMSO,
Source Plate[48],,384LDV_DMSO,B20,0.005,M,Destination Plate[1],,Proxiplate_384PS,H21,0.0001923,M,XST00016720a,Sample 1842,200,200,9.285,81.702,Percent,DMSO,
Source Plate[48],,384LDV_DMSO,E20,0.005,M,Destination Plate[1],,Proxiplate_384PS,H22,0.0001923,M,XST00016780a,Sample 1845,200,200,9.601,83.476,Percent,DMSO,
Source Plate[48],,384LDV_DMSO,E20,0.005,M,Destination Plate[1],,Proxiplate_384PS,G22,0.0001923,M,XST00016780a,Sample 1845,200,200,9.401,83.476,Percent,DMSO,
Fixed Plate[1],,384PP_DMSO2,O22,,,Destination Plate[1],,Proxiplate_384PS,A24,,,,,200,200,64.757,70.326,Percent,DMSO,
Fixed Plate[1],,384PP_DMSO2,O22,,,Destination Plate[1],,Proxiplate_384PS,B24,,,,,200,200,64.557,70.326,Percent,DMSO,
Fixed Plate[1],,384PP_DMSO2,O22,,,Destination Plate[1],,Proxiplate_384PS,C24,,,,,200,200,64.357,70.326,Percent,DMSO,
Fixed Plate[1],,384PP_DMSO2,O22,,,Destination Plate[1],,Proxiplate_384PS,D24,,,,,200,200,64.157,70.326,Percent,DMSO,
Fixed Plate[1],,384PP_DMSO2,O22,,,Destination Plate[1],,Proxiplate_384PS,E24,,,,,200,200,63.957,70.326,Percent,DMSO,
Fixed Plate[1],,384PP_DMSO2,O22,,,Destination Plate[1],,Proxiplate_384PS,F24,,,,,200,200,63.757,70.326,Percent,DMSO,
Fixed Plate[1],,384PP_DMSO2,O22,,,Destination Plate[1],,Proxiplate_384PS,G24,,,,,200,200,63.557,70.326,Percent,DMSO,
Fixed Plate[1],,384PP_DMSO2,O22,,,Destination Plate[1],,Proxiplate_384PS,H24,,,,,200,200,63.357,70.326,Percent,DMSO,
Fixed Plate[1],,384PP_DMSO2,O22,,,Destination Plate[1],,Proxiplate_384PS,I24,,,,,200,200,63.157,70.326,Percent,DMSO,
Fixed Plate[1],,384PP_DMSO2,O22,,,Destination Plate[1],,Proxiplate_384PS,J24,,,,,200,200,62.957,70.326,Percent,DMSO,
Fixed Plate[1],,384PP_DMSO2,O22,,,Destination Plate[1],,Proxiplate_384PS,K24,,,,,200,200,62.757,70.326,Percent,DMSO,
Fixed Plate[1],,384PP_DMSO2,O22,,,Destination Plate[1],,Proxiplate_384PS,L24,,,,,200,200,62.557,70.326,Percent,DMSO,
Fixed Plate[1],,384PP_DMSO2,O22,,,Destination Plate[1],,Proxiplate_384PS,M24,,,,,200,200,62.357,70.326,Percent,DMSO,
Fixed Plate[1],,384PP_DMSO2,O22,,,Destination Plate[1],,Proxiplate_384PS,N24,,,,,200,200,62.157,70.326,Percent,DMSO,
Fixed Plate[1],,384PP_DMSO2,O22,,,Destination Plate[1],,Proxiplate_384PS,O24,,,,,200,200,61.957,70.326,Percent,DMSO,
Fixed Plate[1],,384PP_DMSO2,O22,,,Destination Plate[1],,Proxiplate_384PS,P24,,,,,200,200,61.757,70.326,Percent,DMSO,
,,,,,,,,,,,,,,,,,,,,
Instrument Name,E5XX-1322,,,,,,,,,,,,,,,,,,,
Instrument Model,Echo 550,,,,,,,,,,,,,,,,,,,
Instrument Serial Number,E5XX-1322,,,,,,,,,,,,,,,,,,,
Instrument Software Version,2.4.7,,,,,,,,,,,,,,,,,,,
